stat,max,min,average
temperature,68.11,55.16,61.54408163265307
windspeed,27.87,4.91,11.071632653061222
