stat,max,min,average
temperature,68.11,55.16,61.51244897959184
windspeed,27.87,4.83,11.119183673469388
