stat,max,min,average
temperature,68.4,55.33,61.5734693877551
windspeed,27.29,4.92,10.98265306122449
